{
  "issues": [
    {
      "id": 1,
      "name": "On clicking Delete, the application crashes",
      "severity": "Critical",
      "status": "Open"
    },
    {
      "id": 2,
      "name": "The heading Add is wrongly displayed as Edit",
      "severity": "Minor",
      "status": "Closed"
    },
    {
      "id": 3,
      "name": "The payment functionality is missing",
      "severity": "Major",
      "status": "In Progress"
    },
    {
      "name": "On adding to cart, the item doesn't get added",
      "severity": "Major",
      "status": "Open",
      "id": 4
    }
  ]
}